{"weights1":0.0010000000474974513,"weights0":1,"weights3":0.0010000000474974513,"dt":63677.86328125,"_wandb":{"runtime":1},"weights2":9.999999747378752e-05,"data":104.72794342041016,"pinn_ic":778.4360961914062,"_timestamp":1.752178484609312e+09,"_runtime":1.438811,"total_loss":169.23483276367188,"pinn":505.8445129394531,"_step":253,"epoch":49}