{"data":203.96682739257812,"pinn":324800.53125,"weights2":0,"total_loss":203.96682739257812,"dt":104070.3515625,"_timestamp":1.752658472330505e+09,"weights0":1,"epoch":49,"pinn_ic":580.3924560546875,"_runtime":2.827855,"weights3":0,"_step":253,"_wandb":{"runtime":2},"weights1":0}