{"total_loss":223.70193481445312,"_runtime":3.07331,"_step":4018,"Mean MAE for variable delta":2.8557081534862516,"Max MAE for variable omega":83.74008178710938,"weights2":9.999999747378752e-05,"Mean RMSE for variable delta":17.480021407604216,"Mean RMSE for variable omega":310.816040766228,"Time":1,"weights1":0.0010000000474974513,"MAE for variable omega":0.2028142660856247,"epoch":0,"Test_loss":164.1480255126953,"weights3":0.0010000000474974513,"MAE Test loss":5.822320938110352,"weights0":1,"pinn_ic":670.435302734375,"_wandb":{"runtime":3},"data":122.90347290039062,"dt":64829.9921875,"_timestamp":1.752223073505733e+09,"traj_test0-4":{"_type":"image-file","sha256":"f69f27de2923b4df300f6243f916a8f89b14c754e97723e03973dc2b244c1515","size":250808,"path":"media/images/traj_test0-4_11_f69f27de2923b4df300f.png","format":"png","width":1800,"height":1500},"RMSE for variable omega":0.05670928210020065,"pinn":352980.4375,"Mean MAE for variable omega":8.78893340845406,"Test Max AE":83.74008178710938,"traj_test5-9":{"size":244311,"path":"media/images/traj_test5-9_11_5ae41eee17bd580eb083.png","format":"png","width":1800,"height":1500,"_type":"image-file","sha256":"5ae41eee17bd580eb083429a04206df0943ea32c70a43f7c99b8df1d187ebe43"},"RMSE for variable delta":17.883811950683594,"MAE for variable delta":2.8101325035095215,"Max MAE for variable delta":8.900282859802246}