{"_wandb":{"runtime":1},"epoch":49,"pinn_ic":778.4360961914062,"weights0":1,"_runtime":1.289666,"weights2":9.999999747378752e-05,"weights3":0.0010000000474974513,"_step":253,"data":104.72794342041016,"dt":63677.86328125,"total_loss":169.23483276367188,"_timestamp":1.752178631897784e+09,"pinn":505.8445129394531,"weights1":0.0010000000474974513}