{"epoch":199,"weights2":9.999999747378752e-05,"pinn_ic":250.5478515625,"weights0":1,"_wandb":{"runtime":28},"total_loss":27.81443977355957,"data":18.14548683166504,"_timestamp":1.751757976793034e+09,"_step":26473,"weights3":0.0010000000474974513,"pinn":4505.54296875,"_runtime":28.294383,"weights1":0.0010000000474974513,"dt":8967.8505859375}