{"epoch":0,"_runtime":0.837831,"weights1":0.0010000000474974513,"weights2":9.999999747378752e-05,"_timestamp":1.751757633944819e+09,"_step":3,"weights0":1,"_wandb":{"runtime":0},"weights3":0.0010000000474974513}