{"_wandb":{"runtime":20},"pinn_ic":592.0711059570312,"_runtime":19.777629,"_step":253,"dt":64830.05859375,"weights0":1,"weights3":0.0010000000474974513,"total_loss":183.4436492919922,"data":117.9615249633789,"weights2":9.999999747378752e-05,"_timestamp":1.752226576931129e+09,"weights1":0.0010000000474974513,"epoch":49,"pinn":599.78857421875}