{"weights2":9.999999747378752e-05,"_runtime":1.18674,"weights1":0.0010000000474974513,"epoch":0,"weights3":0.0010000000474974513,"_timestamp":1.751757623199174e+09,"weights0":1,"_step":3,"_wandb":{"runtime":1}}