{"_wandb":{"runtime":41},"Max MAE for variable delta":8.554073333740234,"Test Max AE":81.06501007080078,"Max MAE for variable omega":81.06501007080078,"total_loss":183.03465270996094,"pinn_ic":591.3095092773438,"RMSE for variable delta":15.769824028015137,"Time":1,"Mean MAE for variable omega":9.599907752871513,"_timestamp":1.752225415866038e+09,"Mean RMSE for variable delta":15.430412779808044,"Mean RMSE for variable omega":304.5241171729565,"_runtime":41.6382,"weights3":0.0010000000474974513,"MAE Test loss":6.108328819274902,"data":117.55911254882812,"MAE for variable omega":2.1607868671417236,"weights0":1,"traj_test0-9":{"format":"png","width":1800,"height":3000,"_type":"image-file","sha256":"90f0adbd4842e629cb3948e2d4d9190ce62cdadb3798923ba6c7007ab767cc33","size":492706,"path":"media/images/traj_test0-9_508_90f0adbd4842e629cb39.png"},"MAE for variable delta":2.5520565509796143,"_step":4515,"traj_validation0-9":{"path":"media/images/traj_validation0-9_505_caeabd504f2e4e1b7b73.png","format":"png","width":1800,"height":3000,"_type":"image-file","sha256":"caeabd504f2e4e1b7b73c261db556bd599886c4ba43c93aef24cf9cf0c1a8cbe","size":507391},"traj_validation10-19":{"width":1800,"height":3000,"_type":"image-file","sha256":"292c2e1eac93307907bda995bdc33831a6e7087cba967ccabce9ae807c7635e8","size":174027,"path":"media/images/traj_validation10-19_505_292c2e1eac93307907bd.png","format":"png"},"Mean MAE for variable delta":2.61674908554554,"Test_loss":159.97727966308594,"weights1":0.0010000000474974513,"epoch":99,"dt":64830.00390625,"pinn":542.2007446289062,"RMSE for variable omega":4.762747764587402,"weights2":9.999999747378752e-05}