{"pinn_ic":778.4360961914062,"_wandb":{"runtime":1},"_timestamp":1.752179604197429e+09,"total_loss":169.23483276367188,"data":104.72794342041016,"_step":253,"_runtime":1.558001,"weights3":0.0010000000474974513,"pinn":505.8445129394531,"epoch":49,"dt":63677.86328125,"weights1":0.0010000000474974513,"weights2":9.999999747378752e-05,"weights0":1}