{"pinn":505.8445129394531,"pinn_ic":778.4360961914062,"_wandb":{"runtime":1},"_timestamp":1.752179450367629e+09,"_runtime":1.501406,"_step":253,"total_loss":169.23483276367188,"weights2":9.999999747378752e-05,"dt":63677.86328125,"weights0":1,"epoch":49,"weights1":0.0010000000474974513,"data":104.72794342041016,"weights3":0.0010000000474974513}