{"weights2":9.999999747378752e-05,"total_loss":169.23483276367188,"pinn_ic":778.4360961914062,"data":104.72794342041016,"_wandb":{"runtime":1},"epoch":49,"dt":63677.86328125,"weights0":1,"_step":253,"_runtime":1.338947,"weights1":0.0010000000474974513,"_timestamp":1.752178558361351e+09,"weights3":0.0010000000474974513,"pinn":505.8445129394531}