{"weights0":1,"_timestamp":1.751757993448531e+09,"pinn_ic":542.0267333984375,"weights3":0.0010000000474974513,"total_loss":42.778236389160156,"data":26.324321746826172,"_wandb":{"runtime":8},"epoch":199,"_runtime":8.338208,"_step":7678,"weights2":9.999999747378752e-05,"pinn":142.57150268554688,"weights1":0.0010000000474974513,"dt":15897.6337890625}