{"pinn":599.78857421875,"_timestamp":1.7522229154490528e+09,"_runtime":27.424061000000002,"weights1":0.0010000000474974513,"total_loss":183.4436492919922,"dt":64830.05859375,"epoch":49,"weights3":0.0010000000474974513,"_wandb":{"runtime":27},"_step":253,"weights0":1,"data":117.9615249633789,"weights2":9.999999747378752e-05,"pinn_ic":592.0711059570312}