{"Test_loss":160.42440795898438,"weights0":1,"Mean RMSE for variable delta":15.408064961910247,"Test Max AE":80.71344757080078,"RMSE for variable delta":15.745405197143555,"weights1":0.0010000000474974513,"Max MAE for variable omega":80.71344757080078,"weights3":0.0010000000474974513,"RMSE for variable omega":4.752790927886963,"_step":4766,"traj_0-4":{"size":262784,"path":"media/images/traj_0-4_759_717fd95237099b681db5.png","format":"png","width":1800,"height":1500,"_type":"image-file","sha256":"717fd95237099b681db57f7fbdd635721db71de1fb0aadef8d6f62eb9a086a11"},"pinn":568.6057739257812,"epoch":149,"_wandb":{"runtime":61},"total_loss":182.65792846679688,"MAE for variable delta":2.541839122772217,"traj_15-19":{"size":97790,"path":"media/images/traj_15-19_756_16eec6ac26e7323e1b21.png","format":"png","width":1800,"height":1500,"_type":"image-file","sha256":"16eec6ac26e7323e1b217c7a3d94576204cf051993835bd93bba4142a4dcbbdb"},"traj_5-9":{"format":"png","width":1800,"height":1500,"_type":"image-file","sha256":"bf228a9f9d30db0f102577c8236cd04d8c6e942a10a73aaf938f0db6b3203f52","size":249367,"path":"media/images/traj_5-9_759_bf228a9f9d30db0f1025.png"},"MAE Test loss":6.106947422027588,"pinn_ic":590.481201171875,"MAE for variable omega":2.1322708129882812,"dt":64829.18359375,"Time":1,"Max MAE for variable delta":8.55309009552002,"_runtime":61.516467,"Mean RMSE for variable omega":305.4407727577686,"weights2":9.999999747378752e-05,"_timestamp":1.7522214050020401e+09,"traj_10-14":{"size":97687,"path":"media/images/traj_10-14_756_a62aa72b859061561d0f.png","format":"png","width":1800,"height":1500,"_type":"image-file","sha256":"a62aa72b859061561d0ffac838cd4713db0a1fb4eee7609bc7d27ed1b8f93b65"},"Mean MAE for variable delta":2.6098889075517655,"Mean MAE for variable omega":9.604007019281386,"data":117.181396484375}