{"_timestamp":1.752182418337847e+09,"epoch":49,"dt":63677.86328125,"_wandb":{"runtime":1},"weights0":1,"_runtime":1.250593,"weights1":0.0010000000474974513,"weights2":9.999999747378752e-05,"pinn":505.8445129394531,"weights3":0.0010000000474974513,"data":104.72794342041016,"pinn_ic":778.4360961914062,"_step":253,"total_loss":169.23483276367188}