{"Test_loss":16.456722259521484,"MAE for variable omega":0.4407425820827484,"Max MAE for variable omega":47.29792785644531,"Test output 1":{"sha256":"b5290fcd98fa73c39999abfb7aa01763efc7cd0b087c100be94231474a468046","size":31436,"path":"media/images/Test output 1_17074_b5290fcd98fa73c39999.png","format":"png","width":640,"height":480,"_type":"image-file"},"weights2":9.999999747378752e-05,"Test Max AE":47.29792785644531,"dt":17102.9609375,"MAE Test loss":0.9390180110931396,"Time":3,"data":34.593536376953125,"Mean MAE for variable delta":0.0804718874655664,"RMSE for variable delta":0.0005439895903691649,"Mean RMSE for variable delta":0.06673598424970259,"_runtime":19.065185,"weights1":0.0010000000474974513,"Max MAE for variable delta":2.111799716949463,"epoch":270,"pinn":1442.0745849609375,"Output 0":{"height":480,"_type":"image-file","sha256":"3c1e82c64a8171a8ad89f9b9a60df5afc45e539d4e31ab1f554d858f1ecac135","size":33530,"path":"media/images/Output 0_14229_3c1e82c64a8171a8ad89.png","format":"png","width":640},"_timestamp":1.751759062899692e+09,"total_loss":52.33830642700195,"_wandb":{"runtime":19},"Mean RMSE for variable omega":32.84670798310265,"weights3":0.0010000000474974513,"Output 1":{"sha256":"cfd355dc1462ceef47671b006d3625bfa3f54e4fd7c2533af8faa5e0058d950e","size":33493,"path":"media/images/Output 1_14230_cfd355dc1462ceef4767.png","format":"png","width":640,"height":480,"_type":"image-file"},"pinn_ic":497.6009521484375,"_step":21081,"Test output 0":{"format":"png","width":640,"height":480,"_type":"image-file","sha256":"fcd5afed00e0f4e4af7be0abaf668493f227ab5d2c2165f2abbc5897f090d7c4","size":30683,"path":"media/images/Test output 0_17073_fcd5afed00e0f4e4af7b.png"},"weights0":1,"Mean MAE for variable omega":1.7975641045570374,"RMSE for variable omega":0.3053530752658844,"MAE for variable delta":0.021280132234096527}