{"epoch":49,"weights0":1,"total_loss":183.4436492919922,"dt":64830.05859375,"weights3":0.0010000000474974513,"weights2":9.999999747378752e-05,"pinn":599.78857421875,"_wandb":{"runtime":19},"weights1":0.0010000000474974513,"_timestamp":1.7522266837381818e+09,"pinn_ic":592.0711059570312,"_step":253,"_runtime":19.480427,"data":117.9615249633789}