{"Max MAE for variable omega":80.96631622314453,"pinn":701.412109375,"traj_validation1-10":{"height":3000,"_type":"image-file","sha256":"27b24fc9edfc0f5df85dc52490afd1f657447a46fc4fc1c6a5023caf142647e7","size":494270,"path":"media/images/traj_validation1-10_505_27b24fc9edfc0f5df85d.png","format":"png","width":1800},"traj_test1-10":{"path":"media/images/traj_test1-10_508_6e9ae75dc4d831e9929e.png","format":"png","width":1800,"height":3000,"_type":"image-file","sha256":"6e9ae75dc4d831e9929ed896f9346b4195dc27e9992591245ad42d78751caf4b","size":507506},"MAE Test loss":4.078766345977783,"Time":1,"_step":4515,"Max MAE for variable delta":8.541332244873047,"_runtime":40.688719,"weights1":0.0010000000474974513,"dt":67124.2734375,"MAE for variable delta":0.6613913774490356,"_wandb":{"runtime":40},"weights2":9.999999747378752e-05,"Test Max AE":80.96631622314453,"total_loss":194.72718811035156,"Mean MAE for variable omega":7.313051793575287,"Mean RMSE for variable omega":219.19381117546558,"epoch":99,"RMSE for variable delta":3.9058570861816406,"Mean MAE for variable delta":0.8444807411432266,"pinn_ic":584.84521484375,"Mean RMSE for variable delta":4.29868403172493,"Test_loss":111.74624633789062,"MAE for variable omega":1.7496923208236694,"weights3":0.0010000000474974513,"RMSE for variable omega":3.519495725631714,"weights0":1,"data":126.94792175292969,"_timestamp":1.752229164648607e+09}