{"traj_validation1-10":{"_type":"image-file","sha256":"d97082ca4fc6c32e8c16af6efcc975ad102856407fa99e48d82e0f6fe804740b","size":504947,"path":"media/images/traj_validation1-10_505_d97082ca4fc6c32e8c16.png","format":"png","width":1800,"height":3000},"traj_test1-10":{"path":"media/images/traj_test1-10_508_6de3118d2fb13e88fed2.png","format":"png","width":1800,"height":3000,"_type":"image-file","sha256":"6de3118d2fb13e88fed299b20d9db5f5895643a1205a98aad00257d9a39501da","size":492098},"_timestamp":1.752227616863517e+09,"Mean MAE for variable omega":9.599907752871513,"Test Max AE":81.06501007080078,"RMSE for variable delta":15.769824028015137,"pinn":542.2007446289062,"weights1":0.0010000000474974513,"epoch":99,"Mean RMSE for variable delta":15.430412779808044,"weights2":9.999999747378752e-05,"weights0":1,"Max MAE for variable delta":8.554073333740234,"Time":1,"dt":64830.00390625,"weights3":0.0010000000474974513,"total_loss":183.03465270996094,"Mean RMSE for variable omega":304.5241171729565,"RMSE for variable omega":4.762747764587402,"Mean MAE for variable delta":2.61674908554554,"MAE Test loss":6.108328819274902,"pinn_ic":591.3095092773438,"data":117.55911254882812,"_step":4515,"_runtime":41.526539,"MAE for variable omega":2.1607868671417236,"Test_loss":159.97727966308594,"MAE for variable delta":2.5520565509796143,"_wandb":{"runtime":41},"Max MAE for variable omega":81.06501007080078}