{"Max MAE for variable delta":8.541332244873047,"Mean MAE for variable omega":7.313051793575287,"Test Max AE":80.96631622314453,"weights2":9.999999747378752e-05,"MAE Test loss":4.078766345977783,"data":126.94792175292969,"_timestamp":1.752252703868001e+09,"_wandb":{"runtime":44},"_runtime":44.158813,"dt":67124.2734375,"pinn_ic":584.84521484375,"Time":1,"total_loss":194.72718811035156,"traj_test1-10":{"sha256":"ed2100bc92601edc491d554e2263989f350e0abd07b7001dd2bcd32e7890cfb2","size":740421,"path":"media/images/traj_test1-10_508_ed2100bc92601edc491d.png","format":"png","width":2700,"height":3000,"_type":"image-file"},"traj_validation1-10":{"width":2700,"height":3000,"_type":"image-file","sha256":"428d483267131aa7bb8f0828bd6cc941cd6f656ebedd27b96ca68c8eda13d844","size":729873,"path":"media/images/traj_validation1-10_505_428d483267131aa7bb8f.png","format":"png"},"weights3":0.0010000000474974513,"Test_loss":111.74624633789062,"weights0":1,"MAE for variable delta":0.6613913774490356,"Mean MAE for variable delta":0.8444807411432266,"_step":4515,"pinn":701.412109375,"RMSE for variable delta":3.9058570861816406,"epoch":99,"RMSE for variable omega":3.519495725631714,"Mean RMSE for variable omega":219.19381117546558,"MAE for variable omega":1.7496923208236694,"Max MAE for variable omega":80.96631622314453,"Mean RMSE for variable delta":4.29868403172493,"weights1":0.0010000000474974513}