{"pinn_ic":5.926829814910889,"Weight_dt":0.001,"Loss_pinn":2189.934814453125,"weights1":0.0010000000474974513,"_runtime":6419.711681,"Max MAE for variable delta":12.353181838989258,"_timestamp":1.7522614938698812e+09,"dt":334.71630859375,"Test_loss":63.759212493896484,"Val_dt_loss":70691.78125,"traj_validation1-10":{"height":3000,"_type":"image-file","sha256":"c589c57b5e79282e3cf9cec3bfd9efed27304c953b1db5f2ec43da5a9781adc5","size":840451,"path":"media/images/traj_validation1-10_75304_c589c57b5e79282e3cf9.png","format":"png","width":2700},"weights0":1,"Mean RMSE for variable omega":114.33894510804117,"Weight_pinn_ic":0.001,"_wandb":{"runtime":6419},"Test Max AE":82.47952270507812,"data":1.8663278818130493,"Loss_dt":852.1839599609375,"Mean RMSE for variable delta":13.179492490410805,"Max MAE for variable omega":82.47952270507812,"Weight_data":1,"weights3":0.0010000000474974513,"_step":79314,"traj_test1-10":{"width":2700,"height":3000,"_type":"image-file","sha256":"cded03d9b9dec165ecef161c5297c20213a6a011108e098cc15d7d12a71bcb4b","size":834232,"path":"media/images/traj_test1-10_75307_cded03d9b9dec165ecef.png","format":"png"},"weights2":9.999999747378752e-05,"Val_loss":119.13899993896484,"MAE Test loss":2.812441110610962,"Loss":4.037306785583496,"RMSE for variable omega":0.9884583353996277,"pinn":2323.853515625,"Time":1,"RMSE for variable delta":9.298002243041992,"total_loss":2.4393563270568848,"MAE for variable delta":1.3734309673309326,"Weight_pinn":0.0001,"epoch":14999,"Mean MAE for variable delta":1.6562791786789894,"Mean MAE for variable omega":3.9686021798551083,"Loss_pinn_ic":10.083797454833984,"Loss_data":2.956045389175415,"MAE for variable omega":0.44606009125709534}