{"pinn_ic":495.76531982421875,"_wandb":{"runtime":27},"data":11.809081077575684,"weights0":1,"epoch":199,"_step":26528,"weights2":9.999999747378752e-05,"_timestamp":1.7517580280199869e+09,"weights3":0.0010000000474974513,"total_loss":23.027891159057617,"_runtime":27.152385,"dt":10502.2158203125,"pinn":2208.2744140625,"weights1":0.0010000000474974513}