{"weights2":9.999999747378752e-05,"total_loss":169.23483276367188,"_wandb":{"runtime":1},"pinn":505.8445129394531,"data":104.72794342041016,"dt":63677.86328125,"_step":253,"epoch":49,"_timestamp":1.7521784030872478e+09,"weights3":0.0010000000474974513,"_runtime":1.6015540000000001,"weights1":0.0010000000474974513,"pinn_ic":778.4360961914062,"weights0":1}