{"Mean MAE for variable delta":2.6414926389455795,"_step":4264,"dt":64830.05859375,"MAE for variable delta":2.577676296234131,"Max MAE for variable delta":8.605927467346191,"_timestamp":1.752222137821266e+09,"data":117.9615249633789,"weights3":0.0010000000474974513,"pinn_ic":592.0711059570312,"weights1":0.0010000000474974513,"RMSE for variable omega":4.326972484588623,"pinn":599.78857421875,"_runtime":22.181595,"total_loss":183.4436492919922,"Mean RMSE for variable omega":303.42434962582587,"Mean MAE for variable omega":9.497126128077507,"Mean RMSE for variable delta":15.68096097755432,"Time":1,"traj_15-19":{"path":"media/images/traj_15-19_254_bbf688fbccc57414e2b0.png","format":"png","width":1800,"height":1500,"_type":"image-file","sha256":"bbf688fbccc57414e2b0b2eff2f1bb033bcdc7ece39ba17544f92bce588185ad","size":94382},"epoch":49,"MAE Test loss":6.069309234619141,"_wandb":{"runtime":22},"Test Max AE":81.16158294677734,"traj_5-9":{"sha256":"ccfe4b19e6515dfe5393ebca31c3da7e5d3488073cbaa8cb09dbd38062646c37","size":246386,"path":"media/images/traj_5-9_257_ccfe4b19e6515dfe5393.png","format":"png","width":1800,"height":1500,"_type":"image-file"},"weights2":9.999999747378752e-05,"Max MAE for variable omega":81.16158294677734,"traj_0-4":{"sha256":"3fe6fcffa9a0d96482f3681d9924ae39d41f88eab3a01f5a3717fd69faaa2ef6","size":257304,"path":"media/images/traj_0-4_257_3fe6fcffa9a0d96482f3.png","format":"png","width":1800,"height":1500,"_type":"image-file"},"traj_10-14":{"size":94224,"path":"media/images/traj_10-14_254_bfb2a87b6b8c46604b43.png","format":"png","width":1800,"height":1500,"_type":"image-file","sha256":"bfb2a87b6b8c46604b4368e78e3f53f0b87f5bca2e486265fa998d9e544f6e04"},"Test_loss":159.55264282226562,"weights0":1,"RMSE for variable delta":16.01675796508789,"MAE for variable omega":1.9923261404037476}