{"MAE Test loss":2.4475700855255127,"MAE for variable delta":0.6417201161384583,"_runtime":1382.798855,"Max MAE for variable omega":108.94255065917969,"_wandb":{"runtime":1382},"RMSE for variable delta":3.8566501140594482,"weights2":9.999999747378752e-05,"weights0":1,"_step":21352,"data":10.629196166992188,"Time":1,"weights1":0.0010000000474974513,"traj_test1-10":{"width":2700,"height":3000,"_type":"image-file","sha256":"65dd95eb61d86335e855f60932c6f904614eb6d3e62b01d2ee62f634cc12abf2","size":842698,"path":"media/images/traj_test1-10_17345_65dd95eb61d86335e855.png","format":"png"},"Mean RMSE for variable delta":4.154629167318344,"Test Max AE":108.94255065917969,"RMSE for variable omega":0.05023548752069473,"MAE for variable omega":0.16747921705245972,"weights3":0.0010000000474974513,"total_loss":12.366199493408203,"Mean MAE for variable omega":4.128305845186114,"Max MAE for variable delta":8.511332511901855,"pinn_ic":15.622413635253906,"pinn":6590.34912109375,"traj_validation1-10":{"width":2700,"height":3000,"_type":"image-file","sha256":"e20529cfb518e287158dc1b5f9fa6aba20b71da6e739ae169c56e0d010085004","size":843383,"path":"media/images/traj_validation1-10_17322_e20529cfb518e287158d.png","format":"png"},"epoch":3453,"_timestamp":1.7522545212433732e+09,"dt":1062.3466796875,"Mean RMSE for variable omega":147.12896278516948,"Mean MAE for variable delta":0.7668342893123626,"Test_loss":75.64179229736328}