{"weights3":0.0010000000474974513,"data":104.72794342041016,"weights0":1,"pinn":505.8445129394531,"weights1":0.0010000000474974513,"epoch":49,"dt":63677.86328125,"_timestamp":1.752179396796764e+09,"_runtime":1.5527199999999999,"_wandb":{"runtime":1},"total_loss":169.23483276367188,"_step":253,"pinn_ic":778.4360961914062,"weights2":9.999999747378752e-05}