{"pinn":505.8445129394531,"pinn_ic":778.4360961914062,"_wandb":{"runtime":2},"_step":253,"weights1":0.0010000000474974513,"weights2":9.999999747378752e-05,"weights3":0.0010000000474974513,"data":104.72794342041016,"total_loss":169.23483276367188,"weights0":1,"_timestamp":1.7521684525334568e+09,"epoch":49,"_runtime":2.017567,"dt":63677.86328125}