{"_timestamp":1.751757839281499e+09,"epoch":0,"_runtime":0.820908,"weights1":0.0010000000474974513,"weights0":1,"weights2":9.999999747378752e-05,"weights3":0.0010000000474974513,"_wandb":{"runtime":0},"_step":3}