{"_wandb":{"runtime":1},"pinn_ic":778.4360961914062,"weights2":9.999999747378752e-05,"weights1":0.0010000000474974513,"pinn":505.8445129394531,"data":104.72794342041016,"epoch":49,"_timestamp":1.752180499956265e+09,"_runtime":1.488854,"weights3":0.0010000000474974513,"weights0":1,"_step":253,"dt":63677.86328125,"total_loss":169.23483276367188}