{"weights2":9.999999747378752e-05,"dt":63677.86328125,"pinn":505.8445129394531,"pinn_ic":778.4360961914062,"_step":253,"weights1":0.0010000000474974513,"weights0":1,"weights3":0.0010000000474974513,"total_loss":169.23483276367188,"_timestamp":1.7521805908847098e+09,"data":104.72794342041016,"_runtime":1.89198,"epoch":49,"_wandb":{"runtime":1}}