{"weights1":0.0010000000474974513,"weights3":0.0010000000474974513,"epoch":49,"_runtime":1.4750670000000001,"weights0":1,"_step":253,"pinn_ic":778.4360961914062,"_wandb":{"runtime":1},"data":104.72794342041016,"weights2":9.999999747378752e-05,"dt":63677.86328125,"pinn":505.8445129394531,"_timestamp":1.752178618771595e+09,"total_loss":169.23483276367188}