{"_timestamp":1.751757844792951e+09,"weights2":9.999999747378752e-05,"epoch":0,"_step":3,"weights0":1,"_wandb":{"runtime":0},"weights1":0.0010000000474974513,"_runtime":0.73793,"weights3":0.0010000000474974513}