{"weights1":0.0010000000474974513,"Output 1":{"height":480,"_type":"image-file","sha256":"f0860a9b8dcad5c1309dda1a6b8b17d77559de4290f5c821270bcf7c9ef39d31","size":45821,"path":"media/images/Output 1_26665_f0860a9b8dcad5c1309d.png","format":"png","width":640},"pinn":1998.2996826171875,"Test output 1":{"width":640,"height":480,"_type":"image-file","sha256":"7e88a3a4002dd97d72404e4697638f42bf138d1554969f5ddf6264f449aab6d1","size":27331,"path":"media/images/Test output 1_39624_7e88a3a4002dd97d7240.png","format":"png"},"RMSE for variable delta":0.004075914621353149,"Test Max AE":57.31037139892578,"weights0":1,"MAE for variable omega":0.38340961933135986,"Max MAE for variable omega":57.31037139892578,"Test_loss":20.91616439819336,"MAE Test loss":1.0262502431869507,"Mean MAE for variable delta":0.14650322792306542,"RMSE for variable omega":0.19232937693595886,"dt":14899.2919921875,"weights2":9.999999747378752e-05,"MAE for variable delta":0.05258577689528465,"data":14.67359447479248,"Mean MAE for variable omega":1.9059973098561167,"epoch":396,"Max MAE for variable delta":2.644009590148926,"_wandb":{"runtime":42},"weights3":0.0010000000474974513,"Mean RMSE for variable omega":41.683873162971985,"_timestamp":1.7517591545748858e+09,"Output 0":{"format":"png","width":640,"height":480,"_type":"image-file","sha256":"b87dad951fed779b06555c2da19c328552eec7802d911303683bcc8d3939847f","size":44023,"path":"media/images/Output 0_26664_b87dad951fed779b0655.png"},"_step":43631,"pinn_ic":348.45428466796875,"_runtime":42.283457,"total_loss":30.121170043945312,"Test output 0":{"format":"png","width":640,"height":480,"_type":"image-file","sha256":"63dab0fc38e46856bdba98ec3979c47ca35337855237cc10847fe4805d6ba13a","size":32912,"path":"media/images/Test output 0_39623_63dab0fc38e46856bdba.png"},"Time":3,"Mean RMSE for variable delta":0.1484571640070062}