{"_step":3,"weights0":1,"weights3":0.0010000000474974513,"_runtime":0.812572,"_timestamp":1.751757628451966e+09,"weights1":0.0010000000474974513,"epoch":0,"weights2":9.999999747378752e-05,"_wandb":{"runtime":0}}