{"_wandb":{"runtime":42},"Time":1,"pinn":542.2007446289062,"Mean MAE for variable omega":9.599907752871513,"_step":4515,"_timestamp":1.752228411381824e+09,"Mean MAE for variable delta":2.61674908554554,"data":117.55911254882812,"traj_test1-10":{"sha256":"6de3118d2fb13e88fed299b20d9db5f5895643a1205a98aad00257d9a39501da","size":492098,"path":"media/images/traj_test1-10_508_6de3118d2fb13e88fed2.png","format":"png","width":1800,"height":3000,"_type":"image-file"},"weights1":0.0010000000474974513,"MAE for variable delta":2.5520565509796143,"Mean RMSE for variable delta":15.430412779808044,"RMSE for variable omega":4.762747764587402,"MAE Test loss":6.108328819274902,"epoch":99,"total_loss":183.03465270996094,"Mean RMSE for variable omega":304.5241171729565,"pinn_ic":591.3095092773438,"Test Max AE":81.06501007080078,"weights3":0.0010000000474974513,"RMSE for variable delta":15.769824028015137,"Max MAE for variable omega":81.06501007080078,"MAE for variable omega":2.1607868671417236,"Test_loss":159.97727966308594,"Max MAE for variable delta":8.554073333740234,"weights0":1,"_runtime":42.635189,"dt":64830.00390625,"weights2":9.999999747378752e-05}