{"_wandb":{"runtime":1},"_step":253,"weights1":0.0010000000474974513,"weights3":0.0010000000474974513,"_runtime":1.329595,"weights2":9.999999747378752e-05,"total_loss":169.23483276367188,"dt":63677.86328125,"weights0":1,"epoch":49,"_timestamp":1.752182700048335e+09,"pinn_ic":778.4360961914062,"data":104.72794342041016,"pinn":505.8445129394531}