{"weights3":0.0010000000474974513,"epoch":0,"_step":3,"weights1":0.0010000000474974513,"_wandb":{"runtime":1},"weights2":9.999999747378752e-05,"_runtime":1.080233,"weights0":1,"_timestamp":1.7517578341051688e+09}