{"_timestamp":1.7517592654806788e+09,"weights0":1,"Mean MAE for variable omega":0.997718712195754,"weights2":9.999999747378752e-05,"Max MAE for variable delta":1.6863375902175903,"Test_loss":3.3675975799560547,"weights3":0.0010000000474974513,"Test Max AE":34.90818786621094,"Mean RMSE for variable omega":6.673396441791207,"MAE for variable omega":0.1434609591960907,"pinn_ic":7.022943019866943,"weights1":0.0010000000474974513,"Test output 0":{"size":38249,"path":"media/images/Test output 0_36514_fd011ac950fb7a89f234.png","format":"png","width":640,"height":480,"_type":"image-file","sha256":"fd011ac950fb7a89f23480306402f08d78b7c14c6e871ff472e0992a70d65ffd"},"total_loss":5.865262508392334,"_step":40522,"Output 0":{"size":44649,"path":"media/images/Output 0_36290_52a420afc99e003aeaa7.png","format":"png","width":640,"height":480,"_type":"image-file","sha256":"52a420afc99e003aeaa7c9a15a3d80dfc191e509c90006f1e495731a103f2685"},"Output 1":{"format":"png","width":640,"height":480,"_type":"image-file","sha256":"3f3507e6bebc8093abc2bd350106fa357b8b520f27dd92244c24062c400c8028","size":46159,"path":"media/images/Output 1_36291_3f3507e6bebc8093abc2.png"},"data":5.672298908233643,"Max MAE for variable omega":34.90818786621094,"dt":100.7972412109375,"RMSE for variable delta":0.0003115464060101658,"Test output 1":{"format":"png","width":640,"height":480,"_type":"image-file","sha256":"4cdecc0af22a7bf5465dc3d2ccce5c978ae78d3165245edb972c2ebeb8f1fb72","size":33675,"path":"media/images/Test output 1_36515_4cdecc0af22a7bf5465d.png"},"MAE Test loss":0.5621168613433838,"Mean RMSE for variable delta":0.061799031361886594,"_wandb":{"runtime":54},"MAE for variable delta":0.016136515885591507,"RMSE for variable omega":0.020720787346363068,"pinn":851.43359375,"_runtime":54.851496,"Mean MAE for variable delta":0.1265150507343933,"Time":3,"epoch":7243}