{"_wandb":{"runtime":19},"_step":253,"weights3":0.0010000000474974513,"weights1":0.0010000000474974513,"weights0":1,"weights2":9.999999747378752e-05,"epoch":49,"_timestamp":1.7522213268214478e+09,"total_loss":183.4436492919922,"dt":64830.05859375,"data":117.9615249633789,"pinn_ic":592.0711059570312,"_runtime":19.500155,"pinn":599.78857421875}