{"_runtime":28.269806,"weights1":0.0010000000474974513,"dt":64830.05859375,"weights2":9.999999747378752e-05,"weights0":1,"_timestamp":1.75222379431862e+09,"total_loss":183.4436492919922,"weights3":0.0010000000474974513,"pinn":599.78857421875,"pinn_ic":592.0711059570312,"_wandb":{"runtime":28},"_step":253,"epoch":49,"data":117.9615249633789}