{"weights1":0.0010000000474974513,"pinn_ic":592.0711059570312,"weights2":9.999999747378752e-05,"dt":64830.05859375,"data":117.9615249633789,"total_loss":183.4436492919922,"_step":253,"epoch":49,"weights3":0.0010000000474974513,"pinn":599.78857421875,"_wandb":{"runtime":993},"weights0":1,"_timestamp":1.752224904158684e+09,"_runtime":993.236689}