{"Test output 0":{"sha256":"04447369cbf34bd254f31cd8712700d594b0b32e0801c1b88685a775b822276e","size":29246,"path":"media/images/Test output 0_32958_04447369cbf34bd254f3.png","format":"png","width":640,"height":480,"_type":"image-file"},"weights1":0.0010000000474974513,"dt":12294.2958984375,"Max MAE for variable delta":9.980120658874512,"Mean MAE for variable delta":3.083163927286863,"pinn":4514.5400390625,"RMSE for variable omega":0.9039235711097717,"_timestamp":1.751759106572895e+09,"MAE for variable delta":3.1524157524108887,"Test Max AE":49.42435073852539,"_wandb":{"runtime":36},"Output 1":{"width":640,"height":480,"_type":"image-file","sha256":"621cd5cec07003448352f267c995a7b6016d22d61a0223e716d8886839cdcd35","size":40862,"path":"media/images/Output 1_26630_621cd5cec07003448352.png","format":"png"},"Max MAE for variable omega":49.42435073852539,"pinn_ic":305.8115234375,"_step":36966,"Mean RMSE for variable delta":19.12364380452037,"Test output 1":{"_type":"image-file","sha256":"251f4a362fc1f2824cf3dddf551b60d876c68b5fc034df600c6d08c742b83f3e","size":37236,"path":"media/images/Test output 1_32959_251f4a362fc1f2824cf3.png","format":"png","width":640,"height":480},"weights3":0.0010000000474974513,"weights2":9.999999747378752e-05,"epoch":374,"RMSE for variable delta":19.647092819213867,"MAE Test loss":2.8004376888275146,"Output 0":{"path":"media/images/Output 0_26629_2a7216f13ab5fc1b5ab3.png","format":"png","width":640,"height":480,"_type":"image-file","sha256":"2a7216f13ab5fc1b5ab3bf51f900e8554f3076c22b971b09ecb28705eee05f0a","size":32620},"Time":3,"Mean MAE for variable omega":2.5177111731469632,"total_loss":31.374197006225586,"data":18.322635650634766,"Mean RMSE for variable omega":49.48174500068277,"_runtime":36.002303,"MAE for variable omega":0.7055481672286987,"weights0":1,"Test_loss":34.302696228027344}