{"pinn_ic":592.0711059570312,"total_loss":183.4436492919922,"epoch":49,"weights2":9.999999747378752e-05,"dt":64830.05859375,"weights3":0.0010000000474974513,"pinn":599.78857421875,"weights0":1,"weights1":0.0010000000474974513,"data":117.9615249633789,"_step":253,"_timestamp":1.752223678885033e+09,"_runtime":26.747384,"_wandb":{"runtime":27}}